name,size,architecture,exports,import_libraries,sha256
backup_drivers.bin,519877,archive/resource,0,0,422e4ac8729538e1b29bb07f8ad654f84d8a33af41349108f30ae68524e1bb83
ConfSdk.dll,1280048,x64,4,5,45010d4b200f4665dc8f513671da40412597f563a2e80aa45e5f67a086b5dd99
crashpad_handler.exe,2174512,x64,1,2,46c6a35d4b238bf283eb49e48f33d129c2f23b2fede836fd46bdc36289d62538
ilink2.dll,11079728,x64,523,9,bd2a86d9da394b6e23477c31fb3728d848cbe86e2fe25cba6d402337b3351786
ilink_stream.dll,1314864,x64,106,4,860658c95745bff7fd3732c943d5866f05ca620d341512c26f50334f9f2943da
ilink_wrapper.dll,244776,x64,8,4,345233f74ffc490d7dc406e3c17d41e79ba7fa808632d05a2369923dc64e166f
libEGL.dll,192552,x64,115,1,c7a37c79675d17446a50e82ec621a69babd3e66b59bd0b2f05bac00cdbd14920
libGLESv2.dll,5387824,x64,1807,3,e0f062a92a302f6080f71e8cdec758b0583f4fabed67aa2575c53ea01d3a1695
libusb-1.0.dll,336944,x64,197,2,f7b9105df70eade11c611451386dcc528ad6a3bf189976598232a28aa9881a06
mmcronet.dll,7993392,x64,435,13,3c48c7cb0361a95de4d80296ce943309c4beb21df2906ea07351617911cc8dd7
mmmojo_64.dll,2499176,x64,26,8,5e8b77a0c7c151b7f8c4e847de9f873de5da4f0e14ed03718bf68daa9b01d106
owl.dll,1551920,x64,3067,3,f40b57f523c3bcb7f7263b2b453042783567fb46d78a48f354cd90b3400863fc
plugin_info.ini,114,archive/resource,0,0,f397bc06171f6f04bb8d9042bb2d71e634de4604f3ae1f0789e52adacf16ba1b
RadiumWMPF.bin,432405783,archive/resource,0,0,506e0acb01180003f621c7f26f3530673d0f8c9dbe08dd7321f03290004aa152
roam_migration.dll,6382128,x64,21,8,38c792978dfe4e36efad077c47df1246af5de8ee69f3a31877208467efd2042d
roam_server.dll,14847536,x64,88,17,b52943ee9f2d03be17db4d04f68bc855c06732f6a99efd3089271e07acfc37e4
shared_andromeda.dll,6508072,x64,185,12,9267726c5215a0ee9585fab9f8d13c697a68e9e6807a5f6bfedab11639debbc8
VoipEngine.dll,20878384,x64,166,8,8bb934a321bbc3b9527cc863f0c48614eb83a3e22fa098d889d95c20afdca51c
wcprobe.dll,7963696,x64,9,16,c4e0551440ce98ae66577179df07c95f47084e2ae0281b682ef9af2e0c61ca12
WeChatOcr.bin,51896993,archive/resource,0,0,847f9180a66b25910ad8718f16c5d3157edfcbfee5c063471e4ccecca96c9936
WeChatUtility.bin,27881506,archive/resource,0,0,d2dd5a5b19bc4a8ef9a7cadb87229cd44ab7dc11302238385d53b3719360d9be
Weixin.dll,201546288,x64,117,1,7d056cf7fb834b5558d6646bfb4e0036aae93568e3f9a04cf1dfc5e79032bcac
WeixinExt.exe,251432,x86,0,5,7fdf604ebdb528b60a660827f4ccb0dae5568a01d7a6e1eaf9feea35593372c4
WeixinUpdate.exe,2569264,x86,1,17,ed0f5f8e927367a510751e4988e8d1e73f692dff2df7fddb6038a8c28a5e6ace
WetypeInstaller.exe,2855520,x86,0,18,7efc5edfc1d6c71979d377daf4c487a4bccc8ae0f16173dc3230a829e1f855c5
wxpublic.dll,1090096,x64,2,5,f607217d674c6ad8f6c7d1caa3d449b5838199860310794e00303b799a27769b
XEditor.bin,24562053,archive/resource,0,0,00207d3022b8fdb11d26b7a570a33975ac6bd9ff7c3a2a14bcda7b352de364cb
XNet.dll,7305848,x64,1904,3,86bce2b49d3b928a270c95599c5fb83e36a79297d4b85d5d8510964279bcab18
XPlayer.bin,66471101,archive/resource,0,0,87ac282e455d598be8b7df311f37418b9bc6bb486be01fcd6536d985e5ea2e40
